,count
e,16
de,15
a,8
dados,7
que,6
em,5
para,5
como,4
os,4
padrões,3
análise,3
big,2
seu,2
fontes,2
informações,2
são,2
velocidade,2
é,2
data,2
grandes,2
saúde,2
do,2
mais,2
com,2
tendências,2
sensores,2
sistemas,2
transações,2
decisões,2
finanças,2
coleta,2
o,2
se,1
complexos,1
conjuntos,1
refere,1
identificar,1
valiosas,1
extrair,1
objetivo,1
principal,1
armazenados,1
processados,1
analisados,1
avançadas,1
tecnologias,1
exigem,1
serem,1
alta,1
gerados,1
diversas,1
partir,1
extremamente,1
marketing,1
áreas,1
medicina,1
sociais,1
funciona,1
reunidos,1
variadas,1
dispositivos,1
financeiras,1
iot,1
eletrônicos,1
internos,1
redes,1
estratégicas,1
auxiliar,1
podem,1
guardados,1
armazenamento,1
grande,1
variedade,1
superando,1
capacidade,1
lidar,1
dos,1
bancos,1
tradicionais,1
processamento,1
ferramentas,1
utilizam,1
técnicas,1
volume,1
estatística,1
machine,1
analisar,1
learning,1
ação,1
revela,1
permitindo,1
insights,1
empresas,1
organizações,1
soluções,1
criem,1
otimizem,1
tomada,1
na,1
prever,1
informadas,1
tomem,1
processos,1
exemplos,1
rotas,1
tempo,1
navegação,1
aplicação,1
base,1
no,1
tráfego,1
relógios,1
inteligentes,1
identificam,1
real,1
sugestões,1
doenças,1
antecipar,1
entretenimento,1
canais,1
analisam,1
streaming,1
consumo,1
público,1
criar,1
novos,1
conteúdos,1
detecção,1
fraudes,1
congelando,1
contas,1
suspeitas,1
notificando,1
usuários,1
agricultura,1
monitoram,1
umidade,1
solo,1
planejar,1
irrigação,1
forma,1
eficiente,1
desafios,1
questões,1
éticas,1
volumes,1
pessoais,1
levantam,1
preocupações,1
sobre,1
privacidade,1
uso,1
responsável,1
das,1
segurança,1
proteger,1
contra,1
acessos,1
não,1
autorizados,1
violações,1
um,1
desafio,1
constante,1
